frame.time_relative,frame.len,ip.src,ip.dst,mqtt.msgtype,mqtt.qos,mqtt.topic,mqtt.msg,mqtt.msgid
0.000000000,75,172.19.0.2,172.19.0.3,8,,a0,,3
0.000074000,66,172.19.0.3,172.19.0.2,,,,,
0.000509000,75,172.19.0.3,172.19.0.4,8,,a0,,4
0.000686000,66,172.19.0.4,172.19.0.3,,,,,
0.000757000,71,172.19.0.3,172.19.0.2,9,,,,3
0.000857000,66,172.19.0.2,172.19.0.3,,,,,
0.001169000,71,172.19.0.4,172.19.0.3,9,,,,4
0.001194000,66,172.19.0.3,172.19.0.4,,,,,
