frame.time_relative,frame.len,ip.src,ip.dst
0.000000000,82,172.19.0.7,172.19.0.8
0.000092000,66,172.19.0.8,172.19.0.7
0.000726000,71,172.19.0.8,172.19.0.7
0.000821000,66,172.19.0.7,172.19.0.8
